step,time,lr
1,2018-01-19T11:09:20.621924,1.000000e-01
